Id: 46, Name: Devdan Ahuja, Email: devdan_ahuja@fritsch.info
Id: 49, Name: Gajabahu Kaniyar, Email: gajabahu_kaniyar@kshlerin.net
Id: 66, Name: Allasani Peddana, Email: allasani.peddana@15ce.com
Id: 45, Name: Gurdev Menon, Email: menon_gurdev@weimann.net
Id: 68, Name: Jyoti Butt, Email: jyoti_butt@weissnat-dickens.info
Id: 69, Name: Fr. Amarnath Kaur, Email: amarnath_kaur_fr@von-ratke.co
Id: 62, Name: Amb. Chatura Dwivedi, Email: chatura_amb_dwivedi@king-mayer.net
Id: 70, Name: Amb. Chandan Prajapat, Email: prajapat_chandan_amb@mertz.co
Id: 71, Name: Jagdish Sethi, Email: sethi_jagdish@pacocha.io
Id: 64, Name: Dr. Aayushmaan Tagore, Email: dr_aayushmaan_tagore@cremin-hamill.org
Id: 53, Name: Bhanumati Jha LLD, Email: bhanumati_jha_lld@hamill.io
Id: 67, Name: Chandravati Arora, Email: arora_chandravati@klein.io
Id: 57, Name: Poornima Malik, Email: poornima_malik@kassulke.info
Id: 54, Name: Chandran Shah, Email: shah_chandran@feeney.name
Id: 56, Name: Amritambu Somayaji, Email: somayaji_amritambu@armstrong.info
Id: 55, Name: Devani Guha, Email: guha_devani@streich-tremblay.io
Id: 59, Name: Anal Dhawan, Email: dhawan_anal@streich.com
Id: 58, Name: Gautami Nayar Sr., Email: nayar_gautami_sr@goyette.info
Id: 60, Name: Pres. Shivakari Varma, Email: pres_shivakari_varma@davis-olson.biz
Id: 61, Name: Chandra Arora, Email: arora_chandra@weimann.co
